{
    "movies": [
      {
        "id":1,
        "title": "Juste la fin du monde",
        "actors": [
          "Nathalie Baye",
          "Vincent Cassel"
        ],
        "year": 2016,
        "language": "fr"
      },
      {
        "id":2,
        "title": "Trois souvenirs de ma jeunesse",
        "actors": [
          "Quentin Dolmaire",
          "Lou Roy-Lecollinet",
          "Mathieu Amalric"
        ],
        "year": 2015,
        "language": "fr"
      },
      {
        "id":3,
        "title": "La La Land",
        "actors": [
          "Ryan Gosling",
          "Emma Stone"
        ],
        "year": 2016,
        "language": "en"
      },
      {
        "id":4,
        "title": "The Martian",
        "actors": [
          "Matt Damon",
          "Jessica Chastain",
          "Kristen Wiig"
        ],
        "year": 2015,
        "language": "en"
      },
      {
        "id":5,
        "title": "Julieta",
        "actors": [
          "Emma Suárez",
          "Adriana Ugarte",
          "Daniel Grao"
        ],
        "year": 2016,
        "language": "es"
      },
      {
        "id":6,
        "title": "Contratiempo",
        "actors": [
          "Mario Casas",
          "Ana Wagener",
          "José Coronado",
          "Bárbara Lennie"
        ],
        "year": 2017,
        "language": "es"
      }
    ]
  }
  